name,dedication
Библиотека им. И. С. Тургенева г. Новосибирска,им. И. С. Тургенева
Библиотека им. А. С. Макаренко,им. А. С. Макаренко
Детская библиотека № 11 им. П. Морозова г. Перми,им. П. Морозова
Детская библиотека им. Мусы Джалиля г. Малая Вишера,им. М. Джалиля
Библиотека № 3 им. Б. Л. Васильева г. Смоленска,им. Б. Л. Васильева
Библиотека № 10 им. Фёдора Абрамова округа Варавино-Фактория,им. Ф. А. Абрамова
Библиотека-филиал № 15 им. М. С. Петровых,им. М. С. Петровых
Городская библиотека им. А. Н. Ткалуна,им. А. Н. Ткалуна
Специализированная библиотека № 22 им. М. Ю. Лермонтова г. Ульяновска,им. М. Ю. Лермонтова
Алтайская краевая детская библиотека им. Н. К. Крупской,им. Н. К. Крупской
Библиотека им. К. Симонова г. Дзержинска,им. К. Симонова
Качканарская городская библиотека им. Ф. Т. Селянина (взрослая),им. Ф. Т. Селянина
Старотушкинская сельская библиотека им. Л. А. Гребнева,им. Л. А. Гребнева
Библиотека им. К. И. Чуковского,им. К. И. Чуковского
Городская библиотека № 1 им. А. Н. Чепурова,им. А. Н. Чепурова
Детская библиотека им. Н. Н. Носова,им. Н. Н. Носова
Библиотека им. А. Д. Знаменского,им. А. Д. Знаменского
Библиотека № 8 им. П. С. Кириллова,им. П. С. Кириллова
Лузская районная библиотека им. В. А. Меньшикова,им. В. А. Меньшикова
Библиотека-филиал № 22 им. Е. А. Баратынского,им. Е. А. Баратынского
Библиотека № 11 им. О. М. Любовикова,им. О. М. Любовикова
Библиотека-филиал № 24 им. В. М. Шукшина,им. В. М. Шукшина
Библиотека № 7 им. Б. С. Житкова,им. Б. С. Житкова
Центральная библиотека им. А. С. Пушкина г. Сургута,им. А. С. Пушкина
Библиотека-филиал № 12 им. А. Барто,им. А. Л. Барто
Детская библиотека им. А. К. Салтыкова,им. А. К. Салтыкова
Калужская областная специальная библиотека для слепых им. Н. Островского,им. Н. А. Островского
Цепочкинская сельская библиотека им. Ф. Ф. Павленкова,им. Ф. Ф. Павленкова
Центральная городская публичная библиотека им. В. Г. Белинского,им. В. Г. Белинского
Библиотека им. Ю. А. Адрианова г. Нижнего Новгорода,им. Ю. А. Адрианова
Библиотека им. А. С. Пушкина г. Новосибирска,им. А. С. Пушкина
Центральная детская библиотека им. А. П. Гайдара г. Ухта,им. А. П. Гайдара
Филиал № 10 – библиотека им. В. М. Шукшина г. Нижнего Новгорода,им. В. М. Шукшина
Детский информационный центр им. А. Гайдара,им. А. П. Гайдара
Синегорская сельская библиотека им. Е. И. Кострова,им. Е. И. Кострова
Муниципальная детская библиотека им. П. С. Комарова,им. П. С. Комарова
Центральная детская библиотека им. С. В. Михалкова,им. С. В. Михалкова
Библиотека им. космонавта А. А. Леонова,им. космонавта А. А. Леонова
Центральная библиотека им. Н. С. Клестова-Ангарского,им. Н. С. Клестова-Ангарского
Красноярская городская библиотека им. Н. Добролюбова,им. Н. А. Добролюбова
Центральная городская библиотека им. А. М. Горького,им. А. М. Горького
Детская библиотека им. М. М. Пришвина г. Переславля-Залесского,им. М. М. Пришвина
Центральная детско-юношеская библиотека им. А. П. Гайдара,им. А. П. Гайдара
Юношеская библиотека № 14 им. И. Сельвинского,им. И. Сельвинского
Модельная библиотека № 14 им. митрополита Макария (Булгакова) г. Старый Оскол,им. митрополита Макария
Центральная детская библиотека им. А. С. Пушкина с. Большое Болдино,им. А. С. Пушкина
Клинская центральная детская библиотека им. А. П. Гайдара,им. А. П. Гайдара
Новоусманская детская библиотека им. А. С. Пушкина,им. А. С. Пушкина
Городская библиотека-филиал № 7 им. Ф. В. Гладкова,им. Ф. В. Гладкова
Детская библиотека – филиал № 7 им. Г. А. Черкашина,им. Г. А. Черкашина
Библиотека им. Н. А. Некрасова г. Новосибирска,им. Н. А. Некрасова
Городская библиотека № 17 г. Пензы им. А. Б. Мариенгофа,им. А. Б. Мариенгофа
Тавровская поселенческая библиотека им. Ю. Н. Говорухо-Отрока – филиал № 27,им. Ю. Н. Говорухо-Отрока
Святославская модельная библиотека – филиал № 18 им. П. Г. Добродомова,им. П. Г. Добродомова
Библиотека № 9 им. Федора Наумова,им. Федора Наумова
Центральная районная библиотека им. Б. А. Можаева,им. Б. А. Можаева
Межпоселенческая центральная библиотека им. С. А. Королева,им. С. А. Королева
Красноярская городская библиотека им. И. Рождественского,им. И. Рождественского
Городская библиотека – филиал № 7 им. Некрасова,им. Н. А. Некрасова
Центральная детская модельная библиотека им. В. И. Воробьева,им. В. И. Воробьева
Научная педагогическая библиотека им. К.Д. Ушинского  ,им. К.Д. Ушинского
Библиотека-филиал им. М. Джалиля – Центр татарской культуры и литературы,им. М. Джалиля
Верхнеуральская городская библиотека им. П. М. Кудряшева,им. П. М. Кудряшева
Центральная городская библиотека им. Н. Байтерякова,им. Н. Байтерякова
Центральная детская библиотека им. Э. Д. Гольцмана,им. Э. Д. Гольцмана
Раздольненская центральная районная библиотека им. А. И. Домбровского,им. А. И. Домбровского
Асовская сельская библиотека им. Ф. Ф. Павленкова,им. Ф. Ф. Павленкова
Центральная городская детская библиотека им. А. П. Гайдара г. Новочеркасска,им. А. П. Гайдара
Красноярская городская библиотека им. М. Булгакова,им. М. Булгакова
Центральная городская библиотека им. М. Ю. Лермонтова г. Бородино,им. М. Ю. Лермонтова
Центральная районная библиотека им. И. П. Мордвинова,им. И. П. Мордвинова
Детско-юношеская библиотека им. М. Ю. Лермонтова г. Новочеркасска,им. М. Ю. Лермонтова
Библиотека им. М. А. Лаврентьева,им. М. А. Лаврентьева
Центральная городская детская библиотека им. Н. К. Крупской,им. Н. К. Крупской
Никольская поселенческая библиотека им. А. К. Филатова,им. А. К. Филатова
Библиотека № 90 им. А. С. Неверова г. Москвы,им. А. С. Неверова
Центральная городская библиотека им. Е. Р. Дашковой,им. Е. Р. Дашковой
Верхнетагильская городская библиотека им. Ф. Ф. Павленкова,им. Ф. Ф. Павленкова
Филиал № 8 – библиотека им. В. А. Жуковского г. Нижнего Новгорода,им. В. А. Жуковского
Межпоселенческая центральная библиотека им. А. С. Пушкина,им. А. С. Пушкина
Центральная городская библиотека им. Н. Крупской,им. Н. К. Крупской
Решоткинская сельская библиотека им. Ю. П. Артюхина,им. Ю. П. Артюхина
Библиотека-филиал № 3 им. Ф. Ф. Павленкова,им. Ф. Ф. Павленкова
Библиотека им. А. П. Чехова,им. А. П. Чехова
Центральная детская библиотека им. А. Г. Казаковой пгт. Емельяново,им. А. Г. Казаковой
Центральная городская библиотека им. В. И. Муравленко,им. В. И. Муравленко
Троицкая сельская библиотека им. В. И. Ренова,им. В. И. Ренова
Центральная городская библиотека им. М. Горького,им. М. Горького
"Городская библиотека, филиал № 2 им. В. И. Марченко",им. В. И. Марченко
Красноярская городская детская библиотека им. З. Портновой,им. З. Портновой
Центральная городская библиотека им. А. С. Пушкина г. Новочеркасска,им. А. С. Пушкина
Центральная детская библиотека им. А. П. Гайдара,им. А. П. Гайдара
Октябрьская сельская библиотека-филиал им. И. А. Наговицына,им. И. А. Наговицына
Модельная библиотека № 32 им. Г. Н. Троепольского,им. Г. Н. Троепольского
Казанский филиал библиотеки для слепых им. Ш. К. Еникеева,им. Ш. К. Еникеева
Библиотека им. А. Н. Радищева,им. А. Н. Радищева
Ромодановская центральная районная библиотека им. Н. Эркая,им. Н. Эркая
Воронежская областная универсальная научная библиотека им. И. С. Никитина на площади Ленина,им. И. С. Никитина
Библиотека № 1 им. Валерия Алексеева,им. В. Алексеева
Центральная городская библиотека им. Ф. И. Тютчева,им. Ф. И. Тютчева
Библиотека им. А. А. Фадеева г. Новосибирска,им. А. А. Фадеева
Железногорская межпоселенческая библиотека им. Н. М. Перовского,им. Н. М. Перовского
Центральная городская библиотека им. П. Л. Проскурина,им. П. Л. Проскурина
Центральная городская библиотека им. А. С. Пушкина города Туапсе,им. А. С. Пушкина
Центральная городская библиотека им. А. Н. Арцибашева,им. А. Н. Арцибашева
Никольская районная библиотека им. В. Беринга,им. В. Беринга
Библиотека № 1 им. Салтыкова-Щедрина,им. М. Е. Салтыкова-Щедрина
Алапаевская центральная городская библиотека им. А. С. Пушкина,им. А. С. Пушкина
Жулановская сельская библиотека им. Ф. Ф. Павленкова,им. Ф. Ф. Павленкова
Библиотека семейного чтения им. И. Зуева,им. И. Зуева
Красноярская городская детская библиотека им. С. Михалкова,им. С. В. Михалкова
Библиотека № 6 им. К. И. Чуковского г. Саранска,им. К. И. Чуковского
Библиотека-филиал им. Л. Н. Толстого,им. Л. Н. Толстого
Старооскольский филиал Белгородской библиотеки для слепых им. В. Я. Ерошенко,им. В. Я. Ерошенко
Городская библиотека-филиал № 3 им. М. Сеспеля,им. М. Сеспеля
Красноярская городская библиотека им. А. Серафимовича,им. А. С. Серафимовича
Центральная библиотека им. Виктора Гаврилина,им. В. Гаврилина
Тюменцевская межпоселенческая центральная библиотека им. Г. В. Егорова,им. Г. В. Егорова
Центральная детская библиотека им. Н. Н. Носова г. Тутаева,им. Н. Н. Носова
Нижне-Сыповская сельская библиотека им. Ф. Ф. Павленкова,им. Ф. Ф. Павленкова
Центральная районная библиотека им. В. Г. Короленко,им. В. Г. Короленко
Красноярская городская детская библиотека им. Г. Щукина,им. Г. Щукина
Библиотека № 8 им. В. А. Кораблинова г. Воронежа,им. В. А. Кораблинова
Библиотека им. В. М. Мазаева г. Кемерово,им. В. М. Мазаева
Детская библиотека им. А. М. Береснева г. Кемерово,им. А. М. Береснева
Свердловская областная библиотека для детей и молодежи им. В. П. Крапивина,им. В. П. Крапивина
Библиотека им. А. Н. Островского г. Нижнего Новгорода,им. А. Н. Островского
Центральная детская библиотека им. Гайдара г. Зеленодольска,им. А. П. Гайдара
Центральная библиотека им. Ф. Алиевой г. Каспийска,им. Ф. Алиевой
Библиотека № 7 им. В. А. Закруткина,им. В. А. Закруткина
Аннинская центральная библиотека им. Е. П. Ростопчиной,им. Е. П. Ростопчиной
Библиотека-филиал № 5 им. Ф. Ф. Павленкова,им. Ф. Ф. Павленкова
Онежская центральная библиотека им. А. С. Пушкина,им. А. С. Пушкина
Библиотека № 17 им. А. П. Гайдара,им. А. П. Гайдара
Районная детская библиотека им. С. В. Ягуповой,им. С. В. Ягуповой
Специализированная библиотека № 4 им. Е. А. Евтушенко,им. Е. А. Евтушенко
Библиотека им. Н. Некрасова г. Кургана,им. Н. А. Некрасова
Модельная Центральная детская библиотека им. М. Горького,им. М. Горького
Кабардино-Балкарская республиканская детская библиотека им. Бекмурзы Пачева,им. Бекмурзы Пачева
Свердловская областная универсальная научная библиотека им. В. Г. Белинского,им. В. Г. Белинского
Центральная городская библиотека им. А. Уержаа,им. А. Уержаа
Библиотека семейного чтения им. С. Маршака,им. С. Я. Маршака
Детское отделение Мценской межпоселенческой районной библиотеки им. И. С. Тургенева,им. И. С. Тургенева
Центральная городская библиотека им. Л. Н. Толстого г. Севастополя,им. Л. Н. Толстого
Центральная районная библиотека им. Габдуллы Тукая,им. Габдуллы Тукая
Детская библиотека им. А. Чехова,им. А. П. Чехова
Библиотека № 18 им. А. М. Горького,им. А. М. Горького
Детская библиотека им. Афанасия Никитина,им. Афанасия Никитина
Троицко-Печорская межпоселенческая центральная библиотека им. Г. А. Фёдорова,им. Г. А. Фёдорова
Библиотека им. М. Горького г. Лесосибирска,им. М. Горького
Библиотека-филиал им. П. И. Мельникова-Печерского,им. П. И. Мельникова-Печерского
Центральная районная библиотека им. А. П. Чехова г. Санкт-Петербурга,им. А. П. Чехова
Центральная сельская библиотека с. п. им. М. Горького,им. М. Горького
Детский отдел им. В. В. Олефиренко с. Кагальник,им. В. В. Олефиренко
Бубинская библиотека им. Ф. Ф. Павленкова,им. Ф. Ф. Павленкова
Центральная библиотека им. А. С. Пушкина г. Ногинска,им. А. С. Пушкина
Центральная детская библиотека им. Б. Васильева,им. Б. Л. Васильева
Библиотека им. Н. Островского,им. Н. А. Островского
Библиотека № 3 им. К. Я. Мамонтова,им. К. Я. Мамонтова
Центральная детская библиотека им. А. П. Гайдара г. Дивногорска,им. А. П. Гайдара
Центральная городская библиотека им. М. В. Ломоносова,им. М. В. Ломоносова
Сардыкская библиотека им. Ф. Ф. Павленкова,им. Ф. Ф. Павленкова
Зеленецкая библиотека-филиал им. А. А. Лыюрова,им. А. А. Лыюрова
Центральная универсальная научная библиотека им. Н. А. Некрасова (филиал № 1),им. Н. А. Некрасова
Сельская библиотека – филиал № 10 им. А. Я. Уваровского,им. А. Я. Уваровского
Центральная библиотека семейного чтения им. Н. Войновской,им. Н. Войновской
Хоринская центральная межпоселенческая библиотека им. Д. З. Жалсараева,им. Д. З. Жалсараева
Жешартская библиотека им. С. А. Попова,им. С. А. Попова
Детская библиотека № 8 им. П. П. Бажова,им. П. П. Бажова
Сунтарская районная библиотека им. Л. А. Попова,им. Л. А. Попова
Библиотека-филиал № 4 им. А. С. Новикова-Прибоя,им. А. С. Новикова-Прибоя
Библиотека-филиал № 11 им. К. Станюковича,им. К. Станюковича
Библиотека-филиал им. В. Г. Короленко,им. В. Г. Короленко
Молодежная библиотека – филиал № 18 им. М. Горького,им. М. Горького
Центральная районная библиотека им. К. Л. Мхце,им. К. Л. Мхце
Детская библиотека им. А. П. Гайдара,им. А. П. Гайдара
Детская библиотека им. В. В. Бианки,им. В. В. Бианки
Удомельская центральная библиотека им. Н. А. Зворыкина,им. Н. А. Зворыкина
Красноярская городская детская библиотека им. О. Кошевого,им. О. Кошевого
Библиотека им. Л. А. Никоновой г. Новокузнецка,им. Л. А. Никоновой
Центральная районная детская библиотека им. Н. А. Зайцева,им. Н. А. Зайцева
Детская библиотека № 10 им. М. М. Пришвина,им. М. М. Пришвина
Петровская сельская библиотека им. А. Г. Архангельской,им. А. Г. Архангельской
Библиотека национальных литератур России и зарубежных стран им. Н. А. Некрасова,им. Н. А. Некрасова
Библиотека им. А. Пискунова,им. А. Пискунова
Краеведческая библиотека им. А. Ф. Землянского,им. А. Ф. Землянского
Красноярская городская библиотека им. А. Пушкина,им. А. С. Пушкина
Сорвижская сельская библиотека им. Т. И. Смертиной,им. Т. И. Смертиной
Центральная городская библиотека им. А. С. Пушкина г. Симферополя,им. А. С. Пушкина
Рожкинская сельская библиотека им. Ф. Ф. Павленкова,им. Ф. Ф. Павленкова
Биробиджанская областная универсальная научная библиотека им. Шолом-Алейхема,им. Шолом-Алейхема
Библиотека им. Бориса Минаевича Каспарова,им. Б. М. Каспарова
Специализированная библиотека № 6 им. Д. А. Гранина,им. Д. А. Гранина
Городская библиотека семейного чтения им. Дмитриева,им. Дмитриева
Библиотека № 14 им. М. Ю. Лермонтова г. Перми,им. М. Ю. Лермонтова
Библиотека им. А. А. Фета г. Орла,им. А. А. Фета
Детско-юношеская библиотека им. И. С. Тургенева г. Новочеркасска,им. И. С. Тургенева
Библиотека им. А. Беляева,им. А. Р. Беляева
Центральная городская муниципальная библиотека им. Л. Н. Толстого,им. Л. Н. Толстого
Центральная районная библиотека им. С. С. Васильева-Борогонского,им. С. С. Васильева-Борогонского
Отдел «Общение» Центральной городской библиотеки им. А. М. Каутского,им. А. М. Каутского
Библиотека № 2 им. А. В. Кольцова,им. А. В. Кольцова
Красноярская городская детская библиотека им. В. Дубинина,им. В. Дубинина
Чернохолуницкая сельская библиотека им. В. А. Труфакина,им. В. А. Труфакина
Центральная городская библиотека им. А. П. Чехова,им. А. П. Чехова
Библиотека им. А. В. Селиванова г. Сергиева Посада,им. А. В. Селиванова
Центральная районная детская библиотека им. В. Г. Белинского г. Нижнего Новгорода,им. В. Г. Белинского
Городская библиотека № 4 им. В. П. Астафьева,им. В. П. Астафьева
Библиотека им. Ф. Г. Кедрова г. Ижевска,им. Ф. Г. Кедрова
Библиотека им. Н. Г. Чернышевского,им. Н. Г. Чернышевского
Карачевская межпоселенческая районная библиотека им. Н. Н. и Н. В. Баранских,им. Н. Н. и Н. В. Баранских
Карьерская сельская библиотека – филиал им. И. И. Куренкова,им. И. И. Куренкова
Библиотека им. В. Шишкова,им. В. Я. Шишкова
Филиал № 2 – библиотека им. Декабристов,им. Декабристов
Красноярская городская библиотека им. А. Фадеева,им. А. А. Фадеева
Библиотека № 6 им. Ф. Ф. Павленкова с. Ваньки,им. Ф. Ф. Павленкова
Библиотека им. С. В. Михалкова,им. С. В. Михалкова
Центральная библиотека им. А. Г. Дементьева,им. А. Г. Дементьева
Детская библиотека № 8 им. Н. Островского,им. Н. А. Островского
Турочакская центральная библиотека им. В. М. Башунова,им. В. М. Башунова
Библиотека им. Д. С. Лихачева,им. Д. С. Лихачева
Центральная городская библиотека им. Ф. А. Семенова г. Курска,им. Ф. А. Семенова
Городская детская библиотека-филиал № 1 им. С. Я. Маршака,им. С. Я. Маршака
Библиотека № 44 им. В. Г. Короленко (филиал № 2),им. В. Г. Короленко
Арзамасская центральная районная библиотека им. И. Н. Сахарова,им. И. Н. Сахарова
Центральная городская библиотека им. Е. И. Носова,им. Е. И. Носова
Зеленоградская центральная библиотека им. Ю. Н. Куранова,им. Ю. Н. Куранова
Центральная библиотека им. Горького,им. М. Горького
Центральная районная библиотека им. Н. В. Гоголя г. Санкт-Петербурга,им. Н. В. Гоголя
Библиотека № 44 им. В. Г. Короленко (филиал № 3),им. В. Г. Короленко
Детская библиотека-филиал № 15 им. С. Я. Маршака,им. С. Я. Маршака
Тугулымская центральная районная детская библиотека им. А. П. Гайдара,им. А. П. Гайдара
Центральная детская библиотека им. Н. Островского,им. Н. А. Островского
Центральная городская библиотека «Smart-библиотека им. Н. Д. Неустроева»,им. Н. Д. Неустроева
Центральная районная детская библиотека им. А. М. Горького г. Нижнего Новгорода,им. А. М. Горького
Просветительский центр им. С. Т. Аксакова «Аленький цветочек»,им. С. Т. Аксакова
Модельная центральная библиотека им. В. Н. Татищева,им. В. Н. Татищева
Красненская сельская библиотека-клуб им. Г. С. Малеванкиной,им. Г. С. Малеванкиной
Филатовская сельская библиотека им. Г. Н. Веговой,им. Г. Н. Веговой
Луковецкая библиотека им. Ю. Т. Мамонтова,им. Ю. Т. Мамонтова
Библиотека № 44 им. В. Г. Короленко (филиал № 1),им. В. Г. Короленко
Кирсинская центральная библиотека им. Г. М. Вяземского,им. Г. М. Вяземского
"Библиотека № 17 им. А. Н. Радищева, г. Кострома",им. А. Н. Радищева
Библиотека им. А. С. Серафимовича г. Нижнего Новгорода,им. А. С. Серафимовича
Модельная библиотека им. К. Аухатова с. Старый Курдым,им. К. Аухатова
Центральная библиотека им. А. Ф. Орлова,им. А. Ф. Орлова
Центральная библиотека им. М. М. Зощенко,им. М. М. Зощенко
Юношеская модельная библиотека им. А. С. Васильева № 1,им. А. С. Васильева
Центральная городская библиотека им. А. С. Пушкина г. Кострома,им. А. С. Пушкина
Городская детская библиотека – филиал № 2 им. К. И. Чуковского,им. К. И. Чуковского
Библиотека им. М. А. Шолохова г. Шахты,им. М. А. Шолохова
Библиотека им. Н. Носова г. Новочебоксарска,им. Н. Н. Носова
Детский филиал Ясногорской Центральной библиотеки им. В. В. Вересаева,им. В. В. Вересаева
Яйвинская библиотека им. Ф. Ф. Павленкова,им. Ф. Ф. Павленкова
Введено-Готнянская модельная библиотека – филиал № 8 им. В. В. Курбатова,им. В. В. Курбатова
Центральная библиотека им. М. В. Наумова,им. М. В. Наумова
Красноярская городская детская библиотека им. С. Маршака,им. С. Я. Маршака
Центральная улусная модельная библиотека им. Н. М. Рыкунова,им. Н. М. Рыкунова
Библиотека им. В. В. Маяковского,им. В. В. Маяковского
Специализированная детская библиотека № 27 им. С. В. Михалкова,им. С. В. Михалкова
Библиотека им. Александра Ивановича Куприна г. Армавира,им. А. И. Куприна
Библиотека № 22 им. И. А. Бунина,им. И. А. Бунина
Библиотека им. П. А. Заломова г. Нижнего Новгорода,им. П. А. Заломова
Нившерская библиотека им. Ф. Ф. Павленкова,им. Ф. Ф. Павленкова
Красноярская городская библиотека им. Н. Некрасова,им. Н. А. Некрасова
Библиотека-филиал № 39 им. С. Скитальца,им. С. Скитальца
Филипповская библиотека им. Ф. Ф. Павленкова,им. Ф. Ф. Павленкова
Библиотека № 13 им. А. В. Луначарского г. Костромы,им. А. В. Луначарского
Библиотека-филиал № 8 им. В. В. Парамонова г. Воткинск,им. В. В. Парамонова
Библиотека «Родник» им. С. А. Золотцева,им. С. А. Золотцева
Библиотечно-информационный центр им. В. Г. Еремина,им. В. Г. Еремина
Юношеская библиотека им. А. Гайдара,им. А. П. Гайдара
Центральная библиотека им. А. П. Чехова г. Владивостока,им. А. П. Чехова
Библиотека им. М. Светлова – литературно-эстетический центр,им. М. Светлова
Черновская сельская библиотека им. Ф. Ф. Павленкова,им. Ф. Ф. Павленкова
Библиотека им. М. Ю. Лермонтова,им. М. Ю. Лермонтова
"Городская библиотека им. Э. Н. Успенского, филиал № 6",им. Э. Н. Успенского
Библиотека № 11 им. Я. Гашека,им. Я. Гашека
"Городская библиотека им. В. С. Топилина, филиал № 8",им. В. С. Топилина
Центральная городская библиотека им. П. П. Бажова,им. П. П. Бажова
Городской филиал Ясногорской центральной библиотеки им. В. В. Вересаева,им. В. В. Вересаева
Библиотека им. А. Пушкина г. Азова,им. А. С. Пушкина
Центральная библиотека им. Ю. Гагарина г. Новочебоксарска,им. Ю. А. Гагарина
Центральная библиотека им. Н. Рубцова,им. Н. М. Рубцова
Библиотека им. И. У. Басаргина,им. И. У. Басаргина
Красноярская городская детская библиотека им. К. Чуковского,им. К. И. Чуковского
"Библиотека им. М. М. Пришвина, филиал № 4",им. М. М. Пришвина
Детская библиотека им. С. Я. Маршака г. Заволжье,им. С. Я. Маршака
Усть-Телесская сельская библиотека им. Ф. Ф. Павленкова,им. Ф. Ф. Павленкова
Переславская городская библиотека им. А. Невского,им. А. Невского
Библиотека № 1 им. А. С. Грибоедова. Отдел чтения для детей и юношества,им. А. С. Грибоедова
Центральная районная библиотека им. 1 Мая,им. 1 Мая
Библиотека им. М. Горького г. Новочеркасск,им. М. Горького
Библиотека № 4 им. М. Соколова,им. М. Соколова
Библиотека им. Н. Некрасова г. Рыбинска,им. Н. А. Некрасова
Филиал № 5 – библиотека им. К. А. Тимирязева г. Нижнего Новгорода,им. К. А. Тимирязева
Новомирская сельская библиотека-филиал им. А. Б. Нейдгарта,им. А. Б. Нейдгарта
Библиотека им. А. А. Блока г. Новосибирска,им. А. А. Блока
Библиотека-филиал им. Ленинского комсомола,им. Ленинского комсомола
Краснодарская краевая универсальная научная библиотека им. А. С. Пушкина,им. А. С. Пушкина
Центральная районная библиотека им. А. С. Пушкина г. Санкт-Петербурга,им. А. С. Пушкина
Областная юношеская библиотека им. А. А. Суркова,им. А. А. Суркова
Красногорская сельская библиотека им. Ф. Ф. Павленкова,им. Ф. Ф. Павленкова
Библиотека им. Г. Е. Николаевой,им. Г. Е. Николаевой
Красноярская городская детская библиотека им. Б. Житкова,им. Б. Житкова
Хлевищенская модельная библиотека им. Н. П. Рыжих,им. Н. П. Рыжих
Детская библиотека им. А. С. Пушкина г. Иркутска,им. А. С. Пушкина
Судинская сельская библиотека им. Ф. Ф. Павленкова,им. Ф. Ф. Павленкова
Зашижемская сельская библиотека им. Ю. С. Розадорского,им. Ю. С. Розадорского
Бымовская библиотека им. Ф. Ф. Павленкова,им. Ф. Ф. Павленкова
Центральная городская библиотека им. Н. В. Гоголя,им. Н. В. Гоголя
Центральная районная библиотека им. В. Н. Ганичева,им. В. Н. Ганичева
Центральная муниципальная библиотека им. Н. А. Некрасова,им. Н. А. Некрасова
Большенеклиновский отдел им. В. Г. Саранских с. Большая Неклиновка,им. В. Г. Саранских
Немская центральная библиотека им. М. И. Ожегова,им. М. И. Ожегова
Библиотека № 1 им. Н. А. Островского,им. Н. А. Островского
Центральная городская библиотека им. А. А. Азовского,им. А. А. Азовского
Красноярская городская библиотека им. В. Маяковского,им. В. В. Маяковского
Центральная библиотека им. В. Г. Короленко,им. В. Г. Короленко
Библиотека «Таврика» им. А. Х. Стевена – научная библиотека Центрального музея Тавриды,им. А. Х. Стевена
Свердловская областная библиотека для детей и молодежи им. В. П. Крапивина на ул. Советской,им. В. П. Крапивина
Центральная городская библиотека им. Н. Островского,им. Н. А. Островского
Центральная городская библиотека им. В. В. Верещагина,им. В. В. Верещагина
Центральная библиотека им. С. Сулеймановой,им. С. Сулеймановой
Октябрьская библиотека № 2 им. Н. К. Жернакова,им. Н. К. Жернакова
Библиотека им. А. П. Чехова г. Дзержинска,им. А. П. Чехова
Библиотека-филиал № 11 им. К. Г. Паустовского,им. К. Г. Паустовского
Заборьинская сельская библиотека им. Ф. Ф. Павленкова,им. Ф. Ф. Павленкова
Центральная детская библиотека им. А. П. Гайдара г. Ачинска,им. А. П. Гайдара
Большенагаткинская районная библиотека им. А. С. Пушкина,им. А. С. Пушкина
Павловская центральная библиотека им. А. С. Пушкина,им. А. С. Пушкина
Центральная библиотека им. В. В. Розанова г. Сергиев Посад,им. В. В. Розанова
Калужская городская библиотека – филиал № 8 им. Есенина,им. С. А. Есенина
Красноярская городская библиотека им. М. Светлова,им. М. Светлова
Кайская сельская библиотека-филиал им. М. М. Синцова,им. М. М. Синцова
Центральная районная библиотека им. Т. Г. Шевченко,им. Т. Г. Шевченко
Библиотека им. В. М. Шукшина г. Новочеркасска,им. В. М. Шукшина
Ангинская сельская библиотека им. А. П. Щапова,им. А. П. Щапова
Городская библиотека им. В. А. Замыслова,им. В. А. Замыслова
Библиотека № 19 им. А. Т. Прасолова,им. А. Т. Прасолова
Барсаевская сельская библиотека им. Ф. Ф. Павленкова,им. Ф. Ф. Павленкова
Библиотека им. С. А. Есенина,им. С. А. Есенина
Библиотека им. М. Шумилова (филиал № 8),им. М. Шумилова
Библиотека семейного чтения № 2 им. М. Горького,им. М. Горького
Центральная библиотека им. И. А. Мухлынина,им. И. А. Мухлынина
Библиотека им. Н. В. Волкова села Елового,им. Н. В. Волкова
Любимская центральная библиотека им. А. С. Пушкина,им. А. С. Пушкина
Центральная библиотека им. А. С. Пушкина г. Малая Вишера,им. А. С. Пушкина
Софринская библиотека им. Ф. И. Тютчева,им. Ф. И. Тютчева
Воробьевская библиотека им. А. А. Романова,им. А. А. Романова
Детская библиотека-филиал № 16 им. Н. И. Подлесовой,им. Н. И. Подлесовой
Детская библиотека им. К. И. Чуковского,им. К. И. Чуковского
Детско-юношеская библиотека им. С. В. Михалкова,им. С. В. Михалкова
Хватовская сельская библиотека-филиал им. М. В. Шестерикова,им. М. В. Шестерикова
Центральная городская библиотека им. А. С. Пушкина,им. А. С. Пушкина
Детский отдел Центральной библиотеки им. К. А. Кислова,им. К. А. Кислова
Центральная библиотека им. Л. А. Малюгина,им. Л. А. Малюгина
Красноярская городская библиотека им. А. М. Горького,им. А. М. Горького
Центральная библиотека им. А. С. Пушкина г. Старый Оскол,им. А. С. Пушкина
Центральная детская библиотека им. В. С. Рыжакова,им. В. С. Рыжакова
Библиотека № 7 им. В. Л. Шокалюка,им. В. Л. Шокалюка
Библиотека № 1 им. М. В. Фрунзе,им. М. В. Фрунзе
Библиотека-читальня им. И. С. Тургенева (строение 2),им. И. С. Тургенева
Библиотека им. М. Горького,им. М. Горького
Центральная библиотека им. С. Ю. Володиной,им. С. Ю. Володиной
Библиотека № 8 им. Ф. Ф. Павленкова с. Вассята,им. Ф. Ф. Павленкова
Библиотека № 2 им. Н. А. Некрасова,им. Н. А. Некрасова
Михайловская центральная библиотека им. Н. М. Перовского,им. Н. М. Перовского
Модельная специализированная детская библиотека № 24 им. А. С. Пушкина,им. А. С. Пушкина
Библиотека-филиал № 7 им. Гайдара г. Орска,им. А. П. Гайдара
Центральная библиотека им. Габдуллы Тукая,им. Габдуллы Тукая
"Детская библиотека им. А. П. Гайдара г. Ярославля, филиал № 1",им. А. П. Гайдара
Городская детская библиотека им. А. П. Гайдара,им. А. П. Гайдара
Модельная библиотека-филиал им. Ф. И. Васильева,им. Ф. И. Васильева
Библиотека им. Л. Н. Толстого г. Дзержинска,им. Л. Н. Толстого
Детская библиотека им. А. С. Пушкина г. Константиновска,им. А. С. Пушкина
Библиотека им. Л. Агакова − филиал № 17,им. Л. Агакова
Библиотека-филиал № 3 им. Шевченко,им. Т. Г. Шевченко
Жерлыкская поселенческая библиотека им. И. Ф. Котляра,им. И. Ф. Котляра
Филиал № 7 – библиотека им. А. П. Чехова г. Нижнего Новгорода,им. А. П. Чехова
Пермская краевая детская библиотека им. Л. И. Кузьмина,им. Л. И. Кузьмина
Городская библиотека № 13 им. Н. А. Некрасова г. Пензы,им. Н. А. Некрасова
Библиотека № 17 им. А. К. Горбунова г. Иркутска,им. А. К. Горбунова
Библиотека им. А. Т. Твардовского г. Гвардейска,им. А. Т. Твардовского
Районная библиотека им. А. И. Куприна с. Наровчат,им. А. И. Куприна
Центральная районная библиотека им. Г. Ибрагимова,им. Г. Ибрагимова
Красноярская городская библиотека им. Н. Гоголя,им. Н. В. Гоголя
Детская библиотека им. А. М. Матросова,им. А. М. Матросова
Центральная детская библиотека им. Е. И. Чекина,им. Е. И. Чекина
Астраханская областная научная библиотека им. Н. К. Крупской,им. Н. К. Крупской
Библиотека-читальня им. А. С. Пушкина г. Москва,им. А. С. Пушкина
Библиотека им. Л. Н. Толстого,им. Л. Н. Толстого
Библиотека № 6 им. Т. Г. Шевченко г. Перми,им. Т. Г. Шевченко
Юрьянская центральная районная библиотека им. С. И. Сычугова,им. С. И. Сычугова
Библиотека № 37 им. В. А. Добрякова,им. В. А. Добрякова
Библиотека-филиал № 4 им. Ю. В. Бондарева,им. Ю. В. Бондарева
Библиотека № 4 им. А. А. Прокофьева,им. А. А. Прокофьева
Центральная модельная библиотека им. М. Ю. Лермонтова г. Ефремов,им. М. Ю. Лермонтова
Центральная библиотека им. Н. В. Гоголя г. Александрова,им. Н. В. Гоголя
Красноярская городская детская библиотека им. Л. Кассиля,им. Л. А. Кассиля
Детская библиотека им. З. И. Воскресенской г. Узловая,им. З. И. Воскресенской
Библиотека им. И. Л. Дроздова,им. И. Л. Дроздова
Библиотека им. С. Т. Аксакова,им. С. Т. Аксакова
Камчатская краевая детская библиотека им. В. Кручины,им. В. Кручины
Модельная библиотека-филиал им. Н. К. Крупской,им. Н. К. Крупской
Детская библиотека им. К. М. Станюковича г. Нижнего Новгорода,им. К. М. Станюковича
Центр семейного чтения им. В. Чапаева – филиал № 6,им. В. И. Чапаева
Детская библиотека № 1 им. В. Е. Сорочкина г. Брянска,им. В. Е. Сорочкина
Нытвенская городская библиотека им. Ф. Ф. Павленкова – филиал № 23,им. Ф. Ф. Павленкова
Усть-Донецкая межпоселенческая центральная библиотека им. Анатолия Калинина,им. А. Калинина
Библиотека им. А. М. Горького – филиал № 7 г. Краснодара,им. А. М. Горького
Библиотека-филиал № 6 им. В. В. Ходарева,им. В. В. Ходарева
Залазнинская сельская библиотека им. И. В. Алфимова,им. И. В. Алфимова
Национально-краеведческая библиотека – филиал № 42 им. Ф. Шафигуллина,им. Ф. Шафигуллина
Пионерская библиотека им. А. М. Казанцева,им. А. М. Казанцева
Центральная районная библиотека им. Г. А. Пирожникова,им. Г. А. Пирожникова
Бородулинская библиотека им. Ф. Ф. Павленкова,им. Ф. Ф. Павленкова
Черкизовская библиотека им. Д. Кедрина,им. Д. Кедрина
Библиотека им. А. М. Горького г. Екатеринбурга,им. А. М. Горького
Библиотека-филиал № 3 им. И. П. Котляревского,им. И. П. Котляревского
Детская библиотека № 6 им. В. В. Бианки,им. В. В. Бианки
Библиотека им. И. А. Гончарова,им. И. А. Гончарова
Библиотека № 11 им. А. С. Грибоедова,им. А. С. Грибоедова
Золотухинская детская модельная библиотека им. Героя Советского Союза В. В. Черинова,им. В. В. Черинова
Слудская библиотека им. А. В. Некрасова,им. А. В. Некрасова
Модельная детская библиотека-филиал № 17 им. С. Я. Маршака,им. С. Я. Маршака
Центральная библиотека им. И. И. Фешина,им. И. И. Фешина
Библиотека им. В. И. Лунина,им. В. И. Лунина
Воронежская областная универсальная научная библиотека им. И. С. Никитина на улице Орджоникидзе,им. И. С. Никитина
Библиотека-репозиторий (Никольская) МЦБС им. М.Ю. Лермонтова,им. М. Ю. Лермонтова
Библиотека им. Р. Солнцева,им. Р. Солнцева
Центральная городская библиотека им. Я. П. Гарелина,им. Я. П. Гарелина
Библиотека № 12 им. Н. А. Некрасова,им. Н. А. Некрасова
Центральная библиотека им. М. Н. Богданова г. Барыша,им. М. Н. Богданова
Центральная городская детская библиотека им. А. П. Гайдара (отдел обслуживания),им. А. П. Гайдара
Библиотека семейного чтения им. П. П. Бажова,им. П. П. Бажова
Модельная библиотека-филиал № 2 им. В. В. Маяковского,им. В. В. Маяковского
Библиотека им. Саши Чекалина,им. Саши Чекалина
Библиотека им. А. С. Пушкина г. Октябрьска,им. А. С. Пушкина
Центральная районная детская библиотека им. В. П. Катаева,им. В. П. Катаева
Белохолуницкая детская библиотека им. Н. И. Марихина,им. Н. И. Марихина
Центральная районная библиотека им. М. Горького п. Сосьва,им. М. Горького
Межпоселенческая детская библиотека им. А. Л. Барто г. Иланского,им. А. Л. Барто
Специальная городская библиотека искусств им. А. С. Пушкина,им. А. С. Пушкина
Городская библиотека им. Ю. Р. Кисловского,им. Ю. Р. Кисловского
Библиотека № 3 им. В. Г. Гордейчева,им. В. Г. Гордейчева
Филиал № 7 – библиотека им. Ф. Э. Дзержинского г. Нижнего Новгорода,им. Ф. Э. Дзержинского
Угодичская библиотека им. А. Я. Артынова,им. А. Я. Артынова
Белоярская библиотека им. Г. Г. Кушникова,им. Г. Г. Кушникова
Библиотека № 6 библиотечно-информационного центра им. П. П. Семенова-Тян-Шанского,им. П. П. Семенова-Тян-Шанского
Детский отдел Центральной библиотеки им. В. А. Пазухина г. Кинешма,им. В. А. Пазухина
Библиотека № 7 им. Л. Н. Толстого,им. Л. Н. Толстого
Детский отдел им. Н. К. Крупской г. Морозовска,им. Н. К. Крупской
Историко-краеведческая библиотека им. И. И. Василёва,им. И. И. Василёва
Библиотека № 1 им. Н. К. Крупской «Переплет» г. Санкт-Петербурга,им. Н. К. Крупской
Детская библиотека им. С. Я. Маршака г. Кирово-Чепецка,им. С. Я. Маршака
Центральная городская детская библиотека им. А. Гайдара,им. А. П. Гайдара
Мокинская сельская библиотека им. Ф. Ф. Павленкова,им. Ф. Ф. Павленкова
Владимирская сельская библиотека им. С. В. Афоньшина,им. С. В. Афоньшина
Петлинская сельская библиотека им. А. И. Поющева,им. А. И. Поющева
Детская центральная библиотека им. П. П. Ершова,им. П. П. Ершова
Центральная районная детская библиотека им. А. Пешкова,им. А. Пешкова
Некоузская центральная библиотека им. А. В. Сухово-Кобылина,им. А. В. Сухово-Кобылина
Детская библиотека – филиал № 1 им. А. С. Пушкина г. Советская Гавань,им. А. С. Пушкина
Библиотека № 39 им. А. Н. Корольковой,им. А. Н. Корольковой
Красноярская городская библиотека им. Ф. Достоевского,им. Ф. М. Достоевского
Библиотека им. А. С. Попова,им. А. С. Попова
Библиотека им. Володи Ульянова,им. В. Ульянова
Центральная детская библиотека им. Ю. С. Самсонова г. Иркутска,им. Ю. С. Самсонова
"Библиотека им. В. М. Комарова, филиал № 6",им. В. М. Комарова
Альметьевский филиал библиотеки для слепых им. Ш. К. Еникеева,им. Ш. К. Еникеева
Библиотека-филиал № 14 им. В. Ф. Войно-Ясенецкого,им. В. Ф. Войно-Ясенецкого
Библиотека-филиал № 4 им. Н. К. Крупской,им. Н. К. Крупской
Национальная библиотека Республики Дагестан им. Р. Гамзатова,им. Р. Гамзатова
Центральная городская библиотека им. Ф. Ф. Павленкова г. Верхняя Тура,им. Ф. Ф. Павленкова
Центральная городская детская библиотека им. Л. Н. Толстого,им. Л. Н. Толстого
Пикшенская библиотека-филиал им. П. К. Любаева,им. П. К. Любаева
Частинская центральная районная библиотека им. Ф. Ф. Павленкова,им. Ф. Ф. Павленкова
Городская библиотека им. Ф. Н. Слепушкина,им. Ф. Н. Слепушкина
Библиотека им. П. Хузангая (филиал № 20),им. П. Хузангая
Михайловская центральная детская библиотека им. Б. И. Вронского,им. Б. И. Вронского
Центральная библиотека им. М. Ю. Лермонтова г. Тихорецка,им. М. Ю. Лермонтова
Тяжинская центральная окружная библиотека им. Н. И. Масалова,им. Н. И. Масалова
Библиотека им. А. Н. Островского г. Новошахтинска,им. А. Н. Островского
Библиотека № 8 для детей и юношества им. А. П. Гайдара г. Кирова,им. А. П. Гайдара
Библиотека № 17 им. А. С. Макаренко,им. А. С. Макаренко
Городская библиотека № 7 им. А. И. Куприна г. Пензы,им. А. И. Куприна
Красноярская городская библиотека им. В. Каверина,им. В. Каверина
Библиотека им. Л. Толстого,им. Л. Н. Толстого
Центральная городская библиотека им. К. Т. Хлебникова,им. К. Т. Хлебникова
Центральная городская библиотека им. Н. К. Крупской г. Тамбова,им. Н. К. Крупской
Центральная библиотека им. Героя Советского Союза А. Н. Пайкова п. Воскресенского,им. А. Н. Пайкова
Библиотека искусств им. А. П. Боголюбова (основное здание),им. А. П. Боголюбова
Емецкая библиотека им. Н. М. Рубцова,им. Н. М. Рубцова
Кобринская сельская библиотека им. В. Ю. Дербака,им. В. Ю. Дербака
Библиотека им. Н. Крупской г. Бузулука,им. Н. К. Крупской
Серафимовичская центральная районная библиотека им. А. С. Серафимовича,им. А. С. Серафимовича
Библиотека им. Д. С. Лихачёва г. Кирово-Чепецка,им. Д. С. Лихачёва
Мценская межпоселенческая районная библиотека им. И. С. Тургенева,им. И. С. Тургенева
Национальная детская библиотека Республики Коми им. С. Я. Маршака,им. С. Я. Маршака
Центральная детская библиотека им. Гагарина г. Орска,им. Ю. А. Гагарина
Шабуровская сельская библиотека им. Ф. Ф. Павленкова,им. Ф. Ф. Павленкова
Центральная городская библиотека им. Э. Э. Баллиона,им. Э. Э. Баллиона
Библиотека им. С. Я. Маршака г. Санкт-Петербурга,им. С. Я. Маршака
Центральная детская библиотека им. А. Гайдара,им. А. П. Гайдара
Библиотека им. А. Н. Толстого Московского района Нижнего Новгорода,им. А. Н. Толстого
Библиотека № 18 им. А. И. Куприна,им. А. И. Куприна
Новосильский библиотечный филиал им. А. А. Ростовцевой,им. А. А. Ростовцевой
Центральная библиотека № 15 им. В. О. Ключевского,им. В. О. Ключевского
Борисоглебская детская городская библиотека им. Ю. Ф. Третьякова,им. Ю. Ф. Третьякова
Тумботинская поселковая библиотека им. В. В. Березина,им. В. В. Березина
Детская библиотека им. Ф. Э. Дзержинского,им. Ф. Э. Дзержинского
Библиотека – литературный музей им. Н. Н. Блинова,им. Н. Н. Блинова
Центральная детская и юношеская библиотека им. А. С. Пушкина г. Киржача,им. А. С. Пушкина
Центральная библиотека им. А. С. Пушкина г. Воркуты,им. А. С. Пушкина
Библиотека им. А. Ф. Краснова г. Комсомольска-на-Амуре,им. А. Ф. Краснова
Библиотека № 21 им. В. И. Балябина г. Читы,им. В. И. Балябина
Октябрьская библиотека им. Н. П. Гурьяновой,им. Н. П. Гурьяновой
Городская библиотека им. Б. Костюковского,им. Б. Костюковского
Центральная городская библиотека им. Л. М. Гержидовича,им. Л. М. Гержидовича
Библиотека-филиал № 13 им. Н. М. Овчинникова,им. Н. М. Овчинникова
Детская библиотека им. А. Гайдара,им. А. П. Гайдара
Библиотека им. И. М. Киселева,им. И. М. Киселева
Локосовская библиотека им. И. Е. Коровина,им. И. Е. Коровина
Родинская библиотека им. Ю. И. Макарова,им. Ю. И. Макарова
Чистопольский филиал библиотеки для слепых им. Ш. К. Еникеева,им. Ш. К. Еникеева
Городская библиотека им. Е. Е. Аксеновой,им. Е. Е. Аксеновой
Библиотека семейного чтения им. А. Г. Николаева г. Новочебоксарска,им. А. Г. Николаева
Большелипяговская сельская модельная библиотека – филиал № 5 им. Р. И. Карагодиной,им. Р. И. Карагодиной
Половодовская сельская библиотека им. Ф. Ф. Павленкова,им. Ф. Ф. Павленкова
Библиотека семейного чтения им. А. С. Пушкина г. Дзержинска,им. А. С. Пушкина
Тарусская районная детская библиотека им. Н. В. Богданова,им. Н. В. Богданова
Библиотека им. братьев Стругацких,им. братьев Стругацких
Центральная городская детская библиотека им. А. П. Гайдара,им. А. П. Гайдара
Центральная межпоселенческая библиотека им. В. В. Юхнина с. Объячево,им. В. В. Юхнина
Центральная библиотека им. В. Т. Слипенчука с. Черниговка,им. В. Т. Слипенчука
Библиотека № 7 им. И. М. Ермакова,им. И. М. Ермакова
Библиотека им. Ю. Гагарина г. Нижнего Новгорода,им. Ю. А. Гагарина
Детская библиотека № 3 им. И. А. Крылова,им. И. А. Крылова
Библиотека им. В. Яна (библиотека-филиал № 7),им. В. Яна
Красноярская городская библиотека им. И. Тургенева,им. И. С. Тургенева
Арбажская центральная библиотека им. А. П. Батуева,им. А. П. Батуева
Центральная библиотека им. К. Г. Паустовского,им. К. Г. Паустовского
Детский отдел Библиотеки им. А. С. Пушкина г. Майского,им. А. С. Пушкина
Туртапинская сельская библиотека им. В. Л. Силаева,им. В. Л. Силаева
Детский информационный центр им. Л. Кассиля,им. Л. А. Кассиля
Библиотека-филиал № 3 им. И. В. Шамова,им. И. В. Шамова
Центральная городская библиотека им. Н. А. Островского,им. Н. А. Островского
Ставропольская краевая универсальная научная библиотека им. М. Ю. Лермонтова,им. М. Ю. Лермонтова
Библиотека-филиал № 3 им. М. Горького,им. М. Горького
Ставропольская краевая детская библиотека им. А. Е. Екимцева,им. А. Е. Екимцева
Бахчисарайская центральная районная библиотека им. А.С. Пушкина,им. А. С. Пушкина
Аспинская модельная сельская библиотека им. Ф. Ф. Павленкова,им. Ф. Ф. Павленкова
Центральная городская библиотека им. И. А. Новикова,им. И. А. Новикова
Детская библиотека № 13 с. п. им. М. Горького,им. М. Горького
Библиотека им. Н. Ф. Гастелло г. Нижнего Новгорода,им. Н. Ф. Гастелло
Уржумская городская библиотека им. Н. А. Заболоцкого,им. Н. А. Заболоцкого
Межпоселенческая библиотека им. А. С. Пушкина г. Эртиля,им. А. С. Пушкина
Библиотека-филиал № 16 «Зал семейного чтения им. А. П. Гайдара»,им. А. П. Гайдара
Камчатская краевая научная библиотека им. С. П. Крашенинникова,им. С. П. Крашенинникова
Центральная городская библиотека им. А. В. Потаниной г. Иркутска,им. А. В. Потаниной
Красноярская городская детская библиотека им. З. Космодемьянской,им. З. Космодемьянской
Библиотека «Новогородская» им. А. И. Курицына,им. А. И. Курицына
Центральная городская библиотека им. А. М. Каутского,им. А. М. Каутского
Моргаушская центральная районная детская библиотека им. А. Г. Николаева,им. А. Г. Николаева
Библиотека № 5 им. С. Я. Маршака,им. С. Я. Маршака
Детская библиотека им. А. П. Гайдара г. Орла,им. А. П. Гайдара
Детская библиотека им. Л. А. Кассиля,им. Л. А. Кассиля
Кобяйская улусная библиотека им. Т. Е. Сметанина,им. Т. Е. Сметанина
Библиотека им. А. И. Люкина Московского района Нижнего Новгорода,им. А. И. Люкина
Библиотека им. Ю. Ф. Федотова,им. Ю. Ф. Федотова
Приморская краевая библиотека им. А. М. Горького,им. А. М. Горького
Центральная городская библиотека им. Н. К. Крупской,им. Н. К. Крупской
Центральная библиотека им. А. Н. Островского,им. А. Н. Островского
Центральная детская библиотека им. А. C. Макаренко г. Евпатории,им. А. C. Макаренко
Библиотека № 10 им. А. П. Гайдара,им. А. П. Гайдара
Cтаротимошкинская поселковая модельная библиотека им. З. Акчуриной-Гаспринской,им. З. Акчуриной-Гаспринской
Белгородская государственная специальная библиотека для слепых им. В. Я. Ерошенко,им. В. Я. Ерошенко
Зерноградская библиотека им. А. С. Пушкина,им. А. С. Пушкина
Библиотека для детей № 16 им. Л. В. Дьяконова,им. Л. В. Дьяконова
Тамбовская областная универсальная научная библиотека им. А. С. Пушкина,им. А. С. Пушкина
Специализированная детская библиотека № 28 им. А. А. Пластова,им. А. А. Пластова
Каскаринская сельская детская библиотека им. А. А. Лиханова,им. А. А. Лиханова
Библиотека им. А. С. Пушкина г. Майского,им. А. С. Пушкина
Библиотека № 26 им. Л. К. Татьяничевой,им. Л. К. Татьяничевой
Библиотека им. Н. Галушкина,им. Н. Галушкина
Детская библиотека № 6 им. В. Г. Короленко,им. В. Г. Короленко
Модельная библиотека им. Даута Юлтыя г. Белорецка,им. Даута Юлтыя
Центральная детская библиотека им. Л. А. Лихановой,им. Л. А. Лихановой
Библиотека им. С. Есенина г. Азова,им. С. А. Есенина
Библиотека № 17 им. Ф. Ф. Павленкова с. Фоки,им. Ф. Ф. Павленкова
Елабужский филиал библиотеки для слепых им. Ш. К. Еникеева,им. Ш. К. Еникеева
Библиотечно-информационный центр им. П. И. Бартенева,им. П. И. Бартенева
Нюрбинская центральная библиотека им. Ф. Г. Сафронова,им. Ф. Г. Сафронова
Библиотека им. Л. Толстого г. Нижний Новгород,им. Л. Н. Толстого
Библиотека им. Н. Н. Муравьева-Амурского г. Владивостока,им. Н. Н. Муравьева-Амурского
Дебесская районная библиотека им. С. П. Широбокова,им. С. П. Широбокова
Национальная библиотека им. А. С. Пушкина Республики Тыва,им. А. С. Пушкина
Яшкинская районная библиотека им. А. П. Саулова,им. А. П. Саулова
Центральная районная библиотека им. И. Г. Истомина,им. И. Г. Истомина
Модельная библиотека № 25 им. М. А. Осоргина,им. М. А. Осоргина
Библиотека р. п. им. Цюрупы,им. Цюрупы
Курумканская центральная районная библиотека им. С. Д. Ангабаева,им. С. Д. Ангабаева
Детский информационный центр им. В. Чаплиной,им. В. Чаплиной
Качканарская городская библиотека им. Ф. Т. Селянина,им. Ф. Т. Селянина
Библиотека № 9 им. М. М. и Е. П. Нарышкиных,им. М. М. и Е. П. Нарышкиных
Центральная детская библиотека им. К. Минина,им. К. Минина
Детская библиотека № 16 библиотечно-информационного центра им. П. П. Семенова-Тян-Шанского,им. П. П. Семенова-Тян-Шанского
Детская библиотека им. Виталия Бианки,им. В. В. Бианки
Центральная городская библиотека им. А. И. Герцена,им. А. И. Герцена
Библиотека № 2 им. Федора Абрамова г. Санкт-Петербурга,им. Ф. А. Абрамова
Библиотека-филиал № 10 им. А. П. Гайдара,им. А. П. Гайдара
Библиотека им. Г. С. Ларковича № 5,им. Г. С. Ларковича
Колыванская детская библиотека им. Н. К. Крупской,им. Н. К. Крупской
Библиотека № 19 им. И. С. Тургенева,им. И. С. Тургенева
Библиотека-филиал № 17 им. А. С. Грина,им. А. С. Грина
Центральная библиотека им. В. А. Пазухина г. Кинешмы,им. В. А. Пазухина
Центральная детская библиотека им. А. С. Пушкина г. Сарова,им. А. С. Пушкина
Чернухинская сельская библиотека им. Ф. Ф. Павленкова,им. Ф. Ф. Павленкова
Томская областная библиотека им. А. С. Пушкина (корпус № 2),им. А. С. Пушкина
Библиотека им. В. Шукшина,им. В. М. Шукшина
Центральная библиотека им. А. С. Пушкина п. Переволоцкого,им. А. С. Пушкина
Детская библиотека – филиал № 7 им. Л. С. Мерзликина,им. Л. С. Мерзликина
Центральная межпоселенческая библиотека им. И. А. Куратова,им. И. А. Куратова
Емашинская сельская модельная библиотека им. Ф. Н. Баишева,им. Ф. Н. Баишева
Библиотеки им. Маяковского – филиал № 1,им. В. В. Маяковского
Межпоселенческая библиотека им. В. М. Клыкова,им. В. М. Клыкова
Библиотека семейного чтения им. В. Давыдова-Анатри г. Новочебоксарска,им. В. Давыдова-Анатри
Красноярская городская библиотека им. Н. Чернышевского,им. Н. Чернышевского
Чернавская модельная библиотека им. П. Н. Шубина,им. П. Н. Шубина
Воронежская областная специальная библиотека для слепых им. В. Г. Короленко,им. В. Г. Короленко
Библиотека-филиал № 16 им. Хусаина Ямашева,им. Хусаина Ямашева
Центральная библиотека им. А. А. Штевен,им. А. А. Штевен
Центральная библиотека им. Александра Ероховца,им. А. Ероховца
Модельная центральная городская специализированная библиотека им. И. А. Гончарова,им. И. А. Гончарова
Библиотека-филиал № 17 им. М. А. Шолохова,им. М. А. Шолохова
Сысертская библиотека для детей и юношества им. П. П. Бажова,им. П. П. Бажова
Сосногорская межпоселенческая центральная библиотека им. Я. М. Рочева,им. Я. М. Рочева
Шушенская центральная библиотека им. Н. К. Крупской,им. Н. К. Крупской
Библиотека им. К. Д. Воробьева,им. К. Д. Воробьева
Библиотека № 20 им. Е. А. Евтушенко г. Иркутска,им. Е. А. Евтушенко
Библиотека им. А. С. Грибоедова г. Нижнего Новгорода,им. А. С. Грибоедова
Библиотека им. П. Хузангая,им. П. Хузангая
Михайловская центральная районная библиотека им. А. С. Пушкина,им. А. С. Пушкина
Центральная городская библиотека им. журнала «Смена»,им. журнала «Смена»
Центральная городская детская библиотека им. С. Я. Маршака,им. С. Я. Маршака
Городская библиотека – филиал № 1 им. Маяковского,им. В. В. Маяковского
Центральная библиотека им. М. К. Агашиной,им. М. К. Агашиной
Библиотека совхоза им. Воровского - филиал № 25,им. Воровского
Центральная библиотека им. Олега Чупрова,им. Олега Чупрова
Библиотека-филиал № 12 им. К. Д. Воробьева,им. К. Д. Воробьева
Центральная городская библиотека им. Ф. М. Достоевского г. Назарово,им. Ф. М. Достоевского
Центральная районная детская библиотека им. И. Крылова г. Нижнего Новгорода,им. И. А. Крылова
Центральная детская библиотека им. А. В. Ганзен,им. А. В. Ганзен
Детская библиотека № 10 им. Николая Носова г. Санкт-Петербурга,им. Н. Н. Носова
Красноярская городская библиотека им. А. Блока,им. А. А. Блока
Библиотека-филиал № 14 им. А. С. Пушкина г. Оренбурга,им. А. С. Пушкина
Центральная библиотека им. А. Е. Ванеева с. Кослан,им. А. Е. Ванеева
Сельская модельная библиотека – филиал № 9 им. И. Д. Панаева,им. И. Д. Панаева
Кировская ордена Почёта государственная универсальная областная научная библиотека им. А. И. Герцена,им. А. И. Герцена
Библиотека им. Н. А. Некрасова г. Алдана,им. Н. А. Некрасова
Центральная детская библиотека им. А. М. Горького г. Нижнего Новгорода,им. А. М. Горького
Центральная библиотека им. Новикова-Прибоя,им. А. С. Новикова-Прибоя
Керченская центральная городская библиотека им. В. Г. Белинского,им. В. Г. Белинского
Афипсипская сельская модельная библиотека им. К. Х. Жанэ,им. К. Х. Жанэ
Центральная детская библиотека им. Ф. Ф. Павленкова,им. Ф. Ф. Павленкова
Библиотека-филиал им. Н. В. Гоголя г. Нижнего Новгорода,им. Н. В. Гоголя
Детская библиотека им. Зои Космодемьянской,им. З. Космодемьянской
Центральная районная библиотека им. И. Н. Сабирова,им. И. Н. Сабирова
Корткеросская центральная библиотека им. М. Н. Лебедева,им. М. Н. Лебедева
Центральная библиотека им. А. Фадеева,им. А. А. Фадеева
Центральная детская библиотека им. Г. Г. Поротова,им. Г. Г. Поротова
Центральная районная библиотека им. К. Мечиева,им. К. Мечиева
Библиотека им. И. С. Тургенева г. Орла,им. И. С. Тургенева
Центральная районная библиотека им. О. М. Куваева пос. Свеча,им. О. М. Куваева пос. Свеча
Красноярская городская библиотека им. К. Паустовского,им. К. Паустовского
Библиотека им. Н.А. Некрасова,им. Н. А. Некрасова
Михайловская сельская библиотека им. Ф. Ф. Павленкова,им. Ф. Ф. Павленкова
Ряжская городская библиотека № 2 им. В. Силкина,им. В. Силкина
Библиотека № 3 им. Леонида Беспрозванного,им. Леонида Беспрозванного
Красноярская городская библиотека им. А. Чехова,им. А. П. Чехова
Библиотека-филиал № 3 им. И. А. Бурмистрова,им. И. А. Бурмистрова
Усть-Вымская библиотека им. Н. М. Дьяконова,им. Н. М. Дьяконова
Геленджикский филиал Краснодарской библиотеки для слепых им. А. П. Чехова,им. А. П. Чехова
Библиотека им. А. Грина,им. А. С. Грина
Филиал № 3 – библиотека им. И. В. Мичурина г. Нижнего Новгорода,им. И. В. Мичурина
Лальская городская библиотека им. И. С. Пономарева,им. И. С. Пономарева
Библиотека им. М. Горького г. Кургана,им. М. Горького
Центральная детская библиотека им. С. Маршака г. Бузулука,им. С. Я. Маршака
Библиотека семейного чтения и досуга им. С. Я. Маршака,им. С. Я. Маршака
Центральная городская библиотека им. Д. А. Фурманова,им. Д. А. Фурманова
Библиотека им. В. И. Даля г. Нижнего Новгорода,им. В. И. Даля
Библиотека им. М. М. Зощенко,им. М. М. Зощенко
Подосиновская центральная библиотека им. А. А. Филева,им. А. А. Филева
Центральная городская библиотека им. А. И. Чечулина,им. А. И. Чечулина
Центральная городская библиотека им. А. И. Солженицына,им. А. И. Солженицына
Игринская центральная районная библиотека им. Кедра Митрея,им. Кедра Митрея
Молодежная библиотека им. А. С. Пушкина – филиал № 7,им. А. С. Пушкина
Себежская центральная районная библиотека им. И. А. Бунина,им. И. А. Бунина
Коношская центральная районная библиотека им. Иосифа Бродского,им. И. Бродского
Библиотека № 9 им. А. М. Васнецова г. Кирова,им. А. М. Васнецова
Библиотека № 17 им. Г. Я. Бакланова г. Воронежа,им. Г. Я. Бакланова
Культурный центр семейного чтения и досуга им. А. П. Гайдара,им. А. П. Гайдара
Библиотека им. Мерзликина – филиал № 4,им. Мерзликина
Библиотека № 9 им. Даниила Гранина г. Санкт-Петербурга,им. Д. А. Гранина
Ревдинская центральная городская библиотека им. А. С. Пушкина,им. А. С. Пушкина
Славянская межпоселенческая центральная библиотека им. Н. Я. Данилевского,им. Н. Я. Данилевского
Центральная городская библиотека им. Светланы Кузнецовой,им. Светланы Кузнецовой
Красноярская центральная городская детская библиотека им. Н. Островского,им. Н. А. Островского
Городская библиотека им. Я. И. Бередникова – филиал № 1,им. Я. И. Бередникова
Центральная библиотека им. Ф. Г. Сухова,им. Ф. Г. Сухова
Библиотека им. Н. В. Гоголя,им. Н. В. Гоголя
Калужская областная научная библиотека им. В. Г. Белинского,им. В. Г. Белинского
Филиал № 6 – библиотека им. Г. И. Успенского г. Нижнего Новгорода,им. Г. И. Успенского
Центральная районная библиотека им. М. Б. Доржу,им. М. Б. Доржу
Читальный зал периодики Архангельской областной научной библиотеки им. Н. А. Добролюбова,им. Н. А. Добролюбова
Детская библиотека № 16 им. Аллы Стародубовой,им. А. Стародубовой
Центральная районная библиотека им. Д. А. Фурманова,им. Д. А. Фурманова
Национальная библиотека им. А. С. Пушкина Республики Мордовия,им. А. С. Пушкина
Иванцевская библиотека-филиал им. А. М. Бастракова,им. А. М. Бастракова
Светлогорская центральная библиотека им. А. З. Дмитровского,им. А. З. Дмитровского
Красноярская городская библиотека им. Ленинского комсомола,им. Ленинского комсомола
Библиотека им. А. Л. Барто,им. А. Л. Барто
Библиотека-филиал № 6 им. И. А. Гончарова,им. И. А. Гончарова
Павловская центральная детская библиотека им. Ф. И. Панферова,им. Ф. И. Панферова
Публичная научная библиотека им. В. Г. Короленко,им. В. Г. Короленко
Билярская сельская библиотека им. Кул Гали,им. Кул Гали
Дульдургинская межпоселенческая центральная библиотека им. Ж. Тумунова,им. Ж. Тумунова
Библиотека им. В. А. Закруткина г. Шахты,им. В. А. Закруткина
Межпоселенческая центральная районная библиотека им. П. И. Замойского,им. П. И. Замойского
Центральная городская библиотека им. А. С. Пушкина г. Ачинска,им. А. С. Пушкина
Библиотека им. Е. А. Никонова г. Нижнего Новгорода,им. Е. А. Никонова
Библиотека-филиал № 11 им. В. В. Маяковского,им. В. В. Маяковского
Филиал Вологодской библиотеки им. И. В. Бабушкина,им. И. В. Бабушкина
Областная детская библиотека им. И. А. Крылова,им. И. А. Крылова
Центральная городская библиотека им. В. В. Волоскова,им. В. В. Волоскова
Ныровская сельская библиотека им. Ф. Ф. Павленкова,им. Ф. Ф. Павленкова
Филиал № 11 - библиотека им. А. А. Ахматовой г. Нижнего Новгорода,им. А. А. Ахматовой
Библиотека № 6 им. А. М. Колчанова,им. А. М. Колчанова
Боровская сельская библиотека им. А. А. Грязева,им. А. А. Грязева
Центральная детская библиотека им. П. П. Бажова,им. П. П. Бажова
Библиотека им. А. Штанько,им. А. Штанько
Центральная библиотека им. К. А. Кислова п. Юрино,им. К. А. Кислова
Центральная городская библиотека им. И. К. Калашникова,им. И. К. Калашникова
Библиотека-филиал № 21 им. А. И. Куприна,им. А. И. Куприна
Центральная городская библиотека им. А. И. Куприна,им. А. И. Куприна
Пушкарская сельская библиотека им. Т. Рыжовой,им. Т. Рыжовой
Краеведческая библиотека – филиал № 1 им. В. Г. Белинского,им. В. Г. Белинского
Центральная городская детская библиотека им. И. А. Докукина,им. И. А. Докукина
Пукшинерская сельская библиотека-филиал – центр марийской культуры им. Йывана Кырля,им. Йывана Кырля
Библиотека им. Маяковского – филиал № 3,им. В. В. Маяковского
Библиотека № 3 им. О. Ф. Берггольц г. Санкт-Петербург,им. О. Ф. Берггольц
Библиотека им. Г. Н. Хлебникова г. Комсомольска-на-Амуре,им. Г. Н. Хлебникова
Городская детская библиотека им. Н. Носова г. Шарыпово,им. Н. Н. Носова
Библиотека № 25 им. Всеволода Иванова,им. В. Иванова
Морская библиотека-музей им. В. Г. Гузанова,им. В. Г. Гузанова
Центральная районная библиотека им. Б. Панина,им. Б. Панина
Библиотека семейного чтения им. В. Д. Берестова,им. В. Д. Берестова
Вожгальская сельская библиотека им. Ф. И. Шаляпина,им. Ф. И. Шаляпина
Библиотека семейного чтения им. А. С. Неверова,им. А. С. Неверова
Библиотека № 1 им. Л. Н. Толстого г. Перми,им. Л. Н. Толстого
Детский информационный центр им. В. Сухомлинского (филиал № 2),им. В. Сухомлинского
Библиотека семейного чтения им. М. Горького,им. М. Горького
Библиотека № 8 им. Н. А. Островского г. Перми,им. Н. А. Островского
Усть-Канская центральная модельная библиотека им. А. Г. Калкина,им. А. Г. Калкина
Центральная городская библиотека им. А. П. Платонова (читальный зал),им. А. П. Платонова
Большереченская центральная районная библиотека им. В. А. Макарова,им. В. А. Макарова
Центральная библиотека им. В. И. Ленина г. Нижнего Новгорода,им. В. И. Ленина
Центральная районная библиотека им. А. С. Пушкина,им. А. С. Пушкина
Библиотека № 5 им. А. И. Герцена г. Перми,им. А. И. Герцена
Библиотека № 9 им. М. Ю. Лермонтова,им. М. Ю. Лермонтова
Центральная библиотека № 70 им. М. А. Шолохова,им. М. А. Шолохова
Грайворонская центральная районная библиотека им. А. С. Пушкина,им. А. С. Пушкина
Библиотека им. Ю. Д. Дмитриева г. Новосибирска,им. Ю. Д. Дмитриева
Сельская библиотека – филиал № 2 им. А. П. Чехова,им. А. П. Чехова
Городская детская библиотека им. С. Я. Маршака г. Ревды,им. С. Я. Маршака
Центральная городская библиотека им. А. Вампилова,им. А. Вампилова
"Гулькевичская городская детская библиотека им. К. Симонова, филиал № 1",им. К. Симонова
Воскресенская сельская библиотека им. Ф. Ф. Павленкова,им. Ф. Ф. Павленкова
Нагорьевская библиотека им. Н. А. Брыкина,им. Н. А. Брыкина
Библиотека № 19 им. Ф. М. Достоевского. Отдел детских инициатив,им. Ф. М. Достоевского
Модельная библиотека № 11 им. Л. С. Абдуллиной,им. Л. С. Абдуллиной
Городская библиотека № 15 им. Н. П. Задорнова,им. Н. П. Задорнова
Городской центр истории новосибирской книги им. Н. П. Литвинова,им. Н. П. Литвинова
Троицкосунгурская модельная библиотека им. М. А. Шолохова,им. М. А. Шолохова
Центральная детская библиотека им. А. В. Мишина,им. А. В. Мишина
Ясногорская центральная библиотека им. В. В. Вересаева,им. В. В. Вересаева
Модельная библиотека им. Яныбая Хамматова с. Серменево,им. Яныбая Хамматова
Библиотека им. М. Сеспеля – филиал № 13 г. Чебоксары,им. М. Сеспеля
Центральная детская библиотека № 46 им. И. З. Сурикова (филиал № 2),им. И. З. Сурикова
Пинюгская библиотека семейного чтения им. А. И. Суворова,им. А. И. Суворова
Детская библиотека им. А. Б. Горской г. Челябинска,им. А. Б. Горской
Детская библиотека-филиал им. А. П. Бринского,им. А. П. Бринского
Верещагинская центральная библиотека им. В. Г. Мельчакова,им. В. Г. Мельчакова
Детская библиотека-филиал № 5 им. А. П. Гайдара города Туапсе,им. А. П. Гайдара
Центральная городская библиотека им. Д. Н. Мамина-Сибиряка г. Ирбита,им. Д. Н. Мамина-Сибиряка
Библиотека-филиал № 13 им. И. В. Кашпурова,им. И. В. Кашпурова
Библиотека-филиал № 10 им. И. А. Куратова,им. И. А. Куратова
Центральная городская библиотека им. А. П. Платонова (абонемент),им. А. П. Платонова
Городская библиотека им. А. Р. Беляева,им. А. Р. Беляева
Центральная детская библиотека им. Л. Чайкиной,им. Л. Чайкиной
Библиотека (универсальная) № 3 им. П. А. Суханова,им. П. А. Суханова
Центральная детская библиотека им. Героя Советского Союза А. И. Захарова,им. А. И. Захарова
Модельная библиотека им. Николая Килькеева,им. Николая Килькеева
Республиканская детско-юношеская библиотека им. В. Х. Колумба,им. В. Х. Колумба
Библиотека им. М. Е. Салтыкова-Щедрина города Ельца,им. М. Е. Салтыкова-Щедрина
Клинская городская библиотека им. М. М. Пришвина,им. М. М. Пришвина
Городская библиотека № 4 им. С. Есенина п. Дубинино,им. С. А. Есенина
Детская библиотека им. М. Ю. Лермонтова г. Любима,им. М. Ю. Лермонтова
Центральная районная библиотека им. М. Горького,им. М. Горького
Центральная городская библиотека им. Н. К. Крупской г. Дзержинска,им. Н. К. Крупской
Межпоселенческая центральная библиотека им. братьев В. и Э. Сафоновых,им. братьев В. и Э. Сафоновых
Центральная детская библиотека им. А. М. Горького,им. А. М. Горького
Межпоселенческая библиотека им. Н. И. Родичева,им. Н. И. Родичева
Лесногородская библиотека им. И. А. Новикова,им. И. А. Новикова
Библиотека-филиал № 11 им. Н. Ю. Корнеева г. Курска,им. Н. Ю. Корнеева
Библиотека им. В. Маяковского г. Пушкино,им. В. В. Маяковского
Библиотека № 4 им. Г. К. Сапронова г. Иркутска,им. Г. К. Сапронова
Межпоселенческая центральная библиотека им. Ф. Ф. Павленкова,им. Ф. Ф. Павленкова
Кирилловская сельская библиотека им. Н. Б. Рачкова,им. Н. Б. Рачкова
Долинская городская библиотека им. Е. Д. Лебкова,им. Е. Д. Лебкова
Библиотека им. М. К. Волдиной с. Казым,им. М. К. Волдиной
Библиотека-филиал № 5 им. В. В. Вишневского,им. В. В. Вишневского
Нагорская центральная библиотека им. Г. И. Обатурова,им. Г. И. Обатурова
Томаровская поселковая библиотека им. И. А. Чернухина,им. И. А. Чернухина
Библиотека им. А. А. Фадеева,им. А. А. Фадеева
Сугоякская Павленковская библиотека им. С. И. Черепанова,им. С. И. Черепанова
Центральная детская муниципальная библиотека им. М. Горького,им. М. Горького
Библиотека им. А. Ф. Можайского,им. А. Ф. Можайского
Центральная библиотека им. Г. Поротова,им. Г. Г. Поротова
Красноярская городская библиотека им. А. Черкасова,им. А. Т. Черкасова
Ростовская городская библиотека им. А. А. Титова,им. А. А. Титова
Центральная районная библиотека им. А. С. Пушкина п. Сокольское,им. А. С. Пушкина
Дунайская библиотека – филиал № 8 им. Э. Горборукова,им. Э. Горборукова
Центральная городская библиотека им. Гоголя,им. Н. В. Гоголя
Центральная библиотека им. К. Г. Паустовского п. Базарный Сызган,им. К. Г. Паустовского
Центральная межпоселенческая библиотека им. П. А. Сорокина,им. П. А. Сорокина
Библиотека № 2 им. А. С. Пушкина г. Брянска,им. А. С. Пушкина
Староюрьевская районная библиотека им. Ю. А. Ознобишина,им. Ю. А. Ознобишина
Центральная библиотека им. Р. Гамзатова г. Кизилюрта,им. Р. Гамзатова
Центральная городская библиотека им. А. С. Пушкина Минусинска,им. А. С. Пушкина
Уканская сельская библиотека им. Ф. Васильева Ярского района,им. Ф. И. Васильева
Центральная районная библиотека им. Ф. М. Достоевского,им. Ф. М. Достоевского
Центральная детская библиотека им. В. П. Крапивина г. Тюмени,им. В. П. Крапивина
Центральная районная библиотека им. Анатолия Чмыхало,им. А. Чмыхало
Кувинская сельская библиотека им. Ф. Ф. Павленкова,им. Ф. Ф. Павленкова
Калининградская областная детская библиотека им. А. П. Гайдара,им. А. П. Гайдара
Областная специальная библиотека им. В. Г. Короленко,им. В. Г. Короленко
Библиотека № 13 им. В. Г. Короленко г. Перми,им. В. Г. Короленко
Центральная детская библиотека им. А. П. Гайдара г. Минусинска,им. А. П. Гайдара
Библиотека им. В. В. Бианки г. Новосибирска,им. В. В. Бианки
Библиотека № 4 им. В. В. Маяковского г. Перми,им. В. В. Маяковского
Библиотека для детей им. В. П. Астафьева г. Барыша,им. В. П. Астафьева
Детская библиотека им. Ю. А. Гагарина,им. Ю. А. Гагарина
Центральная районная библиотека им. С. Ч. Самбуу,им. С. Ч. Самбуу
Красноярская городская библиотека им. В. Белинского,им. В. Г. Белинского
Ичалковская сельская библиотека им. В. В. Кованова,им. В. В. Кованова
Библиотека им. Н. Н. Старостина,им. Н. Н. Старостина
Центральная детская библиотека им. С. Я. Маршака,им. С. Я. Маршака
Усть-Язьвинская сельская библиотека им. Ф. Ф. Павленкова,им. Ф. Ф. Павленкова
Центральная городская библиотека им. Н. А. Некрасова,им. Н. А. Некрасова
Детская библиотека № 9 им. С. Я. Маршака,им. С. Я. Маршака
Краснобаковская центральная библиотека им. Н. Г. Тумакова,им. Н. Г. Тумакова
Центральная детская библиотека им. Аркадия Гайдара г. Ангарска,им. А. П. Гайдара
Палевицкая библиотека им. Ф. Ф. Павленкова,им. Ф. Ф. Павленкова
Комаровская библиотека им. Ф. Ф. Павленкова,им. Ф. Ф. Павленкова
Центральная библиотека им. Н. Крупской г. Азова,им. Н. К. Крупской
Межпоселенческая центральная библиотека им. А. Т. Черкасова,им. А. Т. Черкасова
Центральная районная библиотека им. А. С. Пушкина г. Сухой Лог,им. А. С. Пушкина
Уинская центральная библиотека им. Ф. Ф. Павленкова,им. Ф. Ф. Павленкова
Библиотека им. М. Е. Салтыкова-Щедрина,им. М. Е. Салтыкова-Щедрина
"Детская библиотека им. Х. Степанова, филиал № 11",им. Х. Степанова
Центральная библиотека им. С. И. Шуртакова г. Сергача,им. С. И. Шуртакова
Борковская сельская библиотека им. Ф. Ф. Павленкова,им. Ф. Ф. Павленкова
Библиотека им. М. Ю. Лермонтова – филиал № 5,им. М. Ю. Лермонтова
Центральная библиотека им. Н. И. Кочина,им. Н. И. Кочина
Новокинерская сельская библиотека им. Т. Миннуллина – филиал № 2,им. Т. Миннуллина
Центральная детская библиотека им. А. П. Гайдара г. Каменск-Шахтинского,им. А. П. Гайдара
Иркутская областная библиотека им. И. И. Молчанова-Сибирского,им. И. И. Молчанова-Сибирского
Пермская краевая универсальная библиотека им. А. М. Горького,им. А. М. Горького
Межпоселенческая центральная районная библиотека им. И. Г. Зиненко,им. И. Г. Зиненко
Городская библиотека им. М. К. Анисимковой,им. М. К. Анисимковой
Детский отдел библиотеки им. князя Г. Е. Львова,им. князя Г. Е. Львова
Хабаровская краевая детская библиотека им. Н. Д. Наволочкина,им. Н. Д. Наволочкина
Таремская библиотека им. М. С. Хорошева,им. М. С. Хорошева
Центральная районная библиотека им. Г. Н. Потанина,им. Г. Н. Потанина
